{"IcoMoonType":"selection","icons":[{"icon":{"paths":["M316 366l196 196 196-196 60 60-256 256-256-256z"],"attrs":[{}],"isMulticolor":false,"isMulticolor2":false,"tags":["keyboard_arrow_down"],"grid":24},"attrs":[{}],"properties":{"order":1,"id":0,"prevSize":24,"code":59650,"name":"keyboard_arrow_down"},"setIdx":0,"setId":3,"iconIdx":0},{"icon":{"paths":["M768 716.8h-512l256-460.8 256 460.8z"],"attrs":[{}],"isMulticolor":false,"isMulticolor2":false,"tags":["triangle-up"],"grid":20},"attrs":[{}],"properties":{"order":1,"id":1,"prevSize":20,"code":59648,"name":"triangle-up"},"setIdx":1,"setId":2,"iconIdx":0},{"icon":{"paths":["M256 307.2h512l-256 460.8-256-460.8z"],"attrs":[{}],"isMulticolor":false,"isMulticolor2":false,"tags":["triangle-down"],"grid":20},"attrs":[{}],"properties":{"order":2,"id":0,"prevSize":20,"code":59649,"name":"triangle-down"},"setIdx":1,"setId":2,"iconIdx":1},{"icon":{"paths":["M512 0c-176.732 0-320 143.268-320 320 0 320 320 704 320 704s320-384 320-704c0-176.732-143.27-320-320-320zM512 516c-108.248 0-196-87.752-196-196s87.752-196 196-196 196 87.752 196 196-87.752 196-196 196zM388 320c0-68.483 55.517-124 124-124s124 55.517 124 124c0 68.483-55.517 124-124 124s-124-55.517-124-124z"],"tags":["location","map-marker","pin"],"defaultCode":59720,"grid":16,"attrs":[]},"attrs":[],"properties":{"ligatures":"location2, map-marker2","name":"location2","order":2,"id":73,"prevSize":32,"code":59720},"setIdx":2,"setId":1,"iconIdx":72},{"icon":{"paths":["M320 384h128v128h-128zM512 384h128v128h-128zM704 384h128v128h-128zM128 768h128v128h-128zM320 768h128v128h-128zM512 768h128v128h-128zM320 576h128v128h-128zM512 576h128v128h-128zM704 576h128v128h-128zM128 576h128v128h-128zM832 0v64h-128v-64h-448v64h-128v-64h-128v1024h960v-1024h-128zM896 960h-832v-704h832v704z"],"tags":["calendar","date","schedule","time","day"],"defaultCode":59731,"grid":16,"attrs":[]},"attrs":[],"properties":{"ligatures":"calendar, date","name":"calendar","order":3,"id":84,"prevSize":32,"code":59731},"setIdx":2,"setId":1,"iconIdx":83}],"height":1024,"metadata":{"name":"icomoon"},"preferences":{"showGlyphs":true,"showQuickUse":false,"showQuickUse2":true,"showSVGs":true,"fontPref":{"prefix":"icon-","metadata":{"fontFamily":"icomoon"},"metrics":{"emSize":1024,"baseline":6.25,"whitespace":50},"embed":false,"autoHost":true},"imagePref":{"prefix":"icon-","png":true,"useClassSelector":true,"color":0,"bgColor":16777215,"classSelector":".icon"},"historySize":50,"showCodes":true,"gridSize":16,"quickUsageToken":{"UntitledProject":"MWFhOTQ5NDg4OTdhNWI1NTM0OWFkNTM3MWM5NThlODUjMSMxNjE5NTA1Nzg4IyMj"}}}